  Фильтр масляный 451103313;451103313;  BOSCH;1;800
  Фильтр масляный 04E115561H;04E115561H;  Volkswagen;1;760
  Фильтр масляный 650308;650308;  GM;2;275
  Фильтр масляный 986452023;986452023;  BOSCH;1;220
  Фильтр масляный 1275811;1275811;  VOLVO ;1;800
  Фильтр масляный 180039810;180039810;  AUTOMEGA;2;355
  Фильтр масляный 30549;30549; ASAM;1;250
  Фильтр масляный 4801012010;4801012010;   CHERY;2;230
  Фильтр масляный 481H1012010;481H1012010;   CHERY;2;280
  Фильтр масляный 50013156;50013156;  KS;1;500
  Фильтр масляный 50013156;ADT32120;  BLUEPRINT;1;190
  Фильтр масляный AMDFL718;AMDFL718;  AMD;1;225
  Фильтр масляный C1006;C1006;  SAKURA;1;450
  Фильтр масляный C1009;C1009;  SAKURA;1;455
  Фильтр масляный C49110;C49110;  SAKURA;1;450
  Фильтр масляный COF100103C;COF100103C;  CHAMPION;1;500
  Фильтр масляный COF100103C;FT6032;  FIAMM;1;760
  Фильтр масляный HU6122X;HU6122X;  MANNFILTER;2;500
  Фильтр масляный HU612X;HU612X;  MANNFILTER;1;350
  Фильтр масляный JCH06;JCH06;  JHF;1;350
  Фильтр масляный LO1520;LO1520;  LYNXAUTO;2;350
  Фильтр масляный MD519;MD519;  ALCO;1;390
  Фильтр масляный MD651;MD651;  ALCO;1;320
  Фильтр масляный M0533;M0533;  ALCO;1;470
  Фильтр масляный OC140;OC140;  KNECHT;1;400
  Фильтр масляный OC232;OC232;  KNECHT;1;480
  Фильтр масляный OC234;OC234;  KNECHT;1;1710
  Фильтр масляный ОС2371;ОС2371;  KNECHT;2;455
  Фильтр масляный OC261;OC261;  KNECHT;1;415
  Фильтр масляный OC275;OC275;  KNECHT;1;625
  Фильтр масляный OC294;OC294;  KNECHT;2;950
  Фильтр масляный OC503;OC503;  KNECHT;1;550
  Фильтр масляный OC98;OC98;  KNECHT;1;300
  Фильтр масляный ОЕ610А;ОЕ610А;  FILTRON;2;385
  Фильтр масляный OE640;OE640;  FILTRON;1;620
  Фильтр масляный OE6403;OE6403;  FILTRON;2;350
  Фильтр масляный ОЕ6408;ОЕ6408;  FILTRON;2;330
  Фильтр масляный OE648;OE648;  FILTRON;5;230
  Фильтр масляный OE6486;OE6486;  FILTRON;3;410
  Фильтр масляный OE6502;OE6502;  FILTRON;1;365
  Фильтр масляный ОЕ667;ОЕ667;  FILTRON;1;320
  Фильтр масляный OE6691;OE6691;  FILTRON;1;600
  Фильтр масляный OE685;OE685;  FILTRON;1;425
  Фильтр масляный OG137ECO;OG137ECO;  GOODWILL;1;260
  Фильтр масляный OGH1046;OGH1046;  GOODWILL;1;260
  Фильтр масляный OP5253;OP5253;  FILTRON;1;565
  Фильтр масляный OP5261;OP5261;  FILTRON;1;320
  Фильтр масляный ОР5265;ОР5265;  FILTRON;1;550
  Фильтр масляный OP5267;OP5267;  FILTRON;1;825
  Фильтр масляный OP526T;OP526T;  FILTRON;1;260
  Фильтр масляный OP5321;OP5321;  FILTRON;1;610
  Фильтр масляный ОР543;ОР543;  FILTRON;3;267
  Фильтр масляный OP5431;OP5431;  FILTRON;1;355
  Фильтр масляный OP557;OP557;  FILTRON;2;275
  Фильтр масляный OP564;OP564;  FILTRON;2;300
  Фильтр масляный OP5641;OP5641;  FILTRON;2;250
  Фильтр масляный OP570;OP570;  FILTRON;1;230
  Фильтр масляный OP572;OP572;  FILTRON;2;240
  Фильтр масляный OP575;OP575;  FILTRON;4;230
  Фильтр масляный OP595;OP595;  FILTRON;3;260
  Фильтр масляный OP5952;OP5952;  FILTRON;2;390
  Фильтр масляный OP617;OP617;  FILTRON;2;270
  Фильтр масляный OP621;OP621;  FILTRON;2;255
  Фильтр масляный ОР6291;ОР6291;  FILTRON;2;390
  Фильтр масляный OP6292;OP6292;  FILTRON;1;350
  Фильтр масляный OP634;OP634;  FILTRON;1;500
  Фильтр масляный OP635;OP635;  FILTRON;1;375
  Фильтр масляный OP6412;OP6412;  FILTRON;1;620
  Фильтр масляный OP6433;OP6433;  FILTRON;4;290
  Фильтр масляный OP6434;OP6434;  FILTRON;1;340
  Фильтр масляный OX164D;OX164D;  KNECHT;2;665
  Фильтр масляный OX379DECO;OX379DECO;  KNECHT;2;480
  Фильтр масляный OX384D;OX384D;  KNECHT;1;785
  Фильтр масляный OX92D;OX92D;  KNECHT;1;640
  Фильтр масляный P7015;P7015;  BALDWIN;1;200
  Фильтр масляный PB2009;PB2009;  PARTSMALL;1;220
  Фильтр масляный SH4025;SH4025;  SCT;1;130
  Фильтр масляный SH407;SH407;  SCT;1;135
  Фильтр масляный SH411;SH411;  SCT;2;140
  Фильтр масляный SH419;SH419;  SCT;1;120
  Фильтр масляный SH420;SH420;  SCT;2;125
  Фильтр масляный SH421;SH421;  SCT;2;190
  Фильтр масляный SH423;SH423;  SCT;1;150
  Фильтр масляный SH430;SH430;  SCT;2;170
  Фильтр масляный SH431;SH431;  SCT;2;210
  Фильтр масляный SH435;SH435;  SCT;2;155
  Фильтр масляный SH449;SH449;  SCT;1;265
  Фильтр масляный SH450;SH450;  SCT;2;215
  Фильтр масляный SH4725;SH4725;  SCT;2;155
  Фильтр масляный SH4742;SH4742;  SCT;2;205
  Фильтр масляный SH4765;SH4765;  SCT;1;125
  Фильтр масляный SH4793;SH4793;  SCT;1;170
  Фильтр масляный SK801;SK801;  SCT;2;200
  Фильтр масляный SK803;SK803;  SCT;1;340
  Фильтр масляный SK804;SK804;  SCT;1;280
  Фильтр масляный SK807 ;SK807;  SCT;1;425
  Фильтр масляный SK809;SK809;  SCT;1;290
  Фильтр масляный SM114;SM114;  TEKNOROT;1;200
  Фильтр масляный SM120;SM120;  TEKNOROT;1;260
  Фильтр масляный SM184;SM184;  TEKNOROT;1;112
  Фильтр масляный SН404;SН404;  SCT;1;105
  Фильтр масляный W67;W67;  MANNFILTER;1;550
  Фильтр масляный W7008;W7008;  MANNFILTER;1;400
  Фильтр масляный W71275;W71275;  MANNFILTER;2;320
  Фильтр масляный W71283 ;W71283;  MANNFILTER;1;390
  Фильтр масляный W71927;W71927;  MANNFILTER;1;460
  Фильтр масляный W753;W753;  MANNFILTER;2;375
  Фильтр масляный W79;W79;  MANNFILTER;1;470
  Фильтр масляный W8017;W8017;  MANNFILTER;1;570
  Фильтр масляный W81180;W81180;  MANNFILTER;1;390
  Фильтр масляный W94025;W94025;  MANNFILTER;1;425
  Фильтр масляный OE673;OE673;  FILTRON;2;350
